,Area,count,mean,std,min,25%,50%,75%,max
0,Afghanistan,708.0,0.4360367231638418,1.3999037100879332,-7.722,-0.32725000000000004,0.4955,1.258,4.725
1,Africa,708.0,0.4921468926553672,0.5762872347862661,-1.202,0.065,0.489,0.921,2.412
2,Albania,708.0,0.48503531073446327,1.4551222806523734,-4.322,-0.452,0.4765,1.43225,4.878
3,Algeria,708.0,0.7160621468926553,1.2177508816300655,-2.68,-0.18575,0.7175,1.5775000000000001,4.305
4,American Samoa,640.0,0.43210468750000003,0.6717819085725278,-2.114,-0.0155,0.35,0.87525,3.557
5,Americas,708.0,0.48503248587570624,0.6991262785782127,-2.296,-0.006500000000000001,0.4315,0.949,2.727
6,Andorra,708.0,0.6998531073446327,1.5077928081691359,-4.54,-0.2175,0.637,1.75,5.696
7,Angola,708.0,0.4146709039548022,0.6495039455435913,-1.204,-0.05225,0.3435,0.8325,2.814
8,Anguilla,708.0,0.2586850282485876,0.4847862136341154,-1.209,-0.096,0.248,0.59275,2.153
9,Annex I countries,708.0,0.6044661016949153,0.8626483056690065,-2.405,0.00575,0.5475000000000001,1.116,4.039
10,Antarctica,708.0,0.1590141242937853,1.7237559299869412,-5.025,-0.97425,0.0785,1.28275,6.738
11,Antigua and Barbuda,676.0,0.26229142011834317,0.50244221571608,-1.297,-0.0965,0.2815,0.582,2.315
12,Argentina,708.0,0.26578672316384183,0.8857424672213239,-2.619,-0.26725,0.2525,0.831,3.153
13,Armenia,336.0,1.0791934523809525,1.7014213850861997,-4.511,0.049999999999999996,1.1215000000000002,2.33925,5.676
14,Aruba,653.0,0.42372741194486985,0.667648519217777,-1.475,-0.024,0.384,0.903,2.891
15,Asia,708.0,0.47481920903954805,0.7162486360972098,-2.011,-0.01525,0.375,0.9392499999999999,3.25
16,Australia,708.0,0.43804802259887005,0.7709950369840755,-1.477,-0.11625,0.4125,0.9404999999999999,3.107
17,Australia and New Zealand,708.0,0.43239124293785314,0.7508820034221313,-1.421,-0.09125,0.41,0.9137500000000001,3.031
18,Austria,708.0,0.7512994350282487,1.7837692528891513,-5.299,-0.44475,0.7424999999999999,1.9095,5.623
19,Azerbaijan,336.0,1.094125,1.6009097383358337,-5.393,0.11425,1.1665,2.1877500000000003,5.959
20,Bahamas,708.0,0.4283079096045197,0.7909688443266794,-3.402,-0.01175,0.3965,0.855,3.566
21,Bahrain,708.0,0.7035677966101695,1.2876711727554324,-3.593,-0.08175,0.7364999999999999,1.588,4.334
22,Bangladesh,708.0,0.22768079096045193,0.7471803724630343,-2.453,-0.229,0.2205,0.65825,3.877
23,Barbados,664.0,0.3473885542168675,0.6033256248347324,-1.359,-0.069,0.3345,0.75825,2.517
24,Belarus,336.0,1.4129196428571429,2.3622976184849303,-6.897,-0.02825,1.3775,2.77975,7.76
25,Belgium,240.0,1.429325,1.5574132193397032,-4.067,0.39175000000000004,1.4295,2.4429999999999996,5.866
26,Belgium-Luxembourg,468.0,0.28121794871794875,1.7017557363586633,-6.705,-0.71275,0.251,1.31925,5.119
27,Belize,708.0,0.5019901129943503,0.9617530191139565,-2.061,-0.18125,0.288,1.1564999999999999,3.982
28,Benin,708.0,0.528665254237288,0.6767200930903086,-1.843,0.04375,0.5505,1.024,2.286
29,Bhutan,708.0,0.35795903954802266,0.850985143242824,-2.091,-0.2225,0.3355,0.87375,3.514
30,Bolivia (Plurinational State of),708.0,0.458997175141243,0.7726799392602016,-1.876,-0.03225,0.4785,0.9315,3.433
31,Bosnia and Herzegovina,336.0,1.1901755952380952,1.6404632715162124,-4.426,0.23625,1.215,2.2275,5.098
32,Botswana,708.0,0.3683022598870057,1.0185989291092146,-2.692,-0.32625000000000004,0.334,1.04025,3.302
33,Brazil,708.0,0.5517485875706214,0.6281449386891779,-1.384,0.06075,0.499,0.9795,2.422
34,British Virgin Islands,708.0,0.24954237288135592,0.4963189957933397,-1.115,-0.10625,0.258,0.5925,1.999
35,Brunei Darussalam,708.0,0.3857090395480226,0.5192627485850495,-1.485,0.01275,0.334,0.734,2.34
36,Bulgaria,708.0,0.4494703389830509,1.665235199386131,-5.712,-0.556,0.4455,1.49475,6.249
37,Burkina Faso,708.0,0.5015155367231638,0.8198447992198119,-2.52,-0.05475,0.54,1.05475,3.034
38,Burundi,446.0,0.22832062780269055,0.6794301530855487,-2.866,-0.21,0.2005,0.61325,2.877
39,Cabo Verde,654.0,0.7508440366972478,0.8576785131933066,-3.405,0.14275,0.766,1.327,3.377
40,Cambodia,708.0,0.38033757062146895,0.6548212495878323,-2.063,-0.00775,0.3465,0.75025,2.672
41,Cameroon,708.0,0.4366807909604519,0.6451410949025389,-1.907,-0.01725,0.362,0.88025,2.667
42,Canada,708.0,0.6036807909604519,1.6209398132439978,-6.319,-0.3345,0.5505,1.451,6.144
43,Caribbean,708.0,0.493138418079096,0.5864082439913114,-1.241,0.057,0.469,0.894,2.475
44,Cayman Islands,615.0,0.46339837398373984,0.6828217505279797,-2.732,0.012,0.458,0.8955,2.891
45,Central African Republic,705.0,0.4271262411347517,0.7184262786447588,-2.638,-0.041,0.368,0.887,3.671
46,Central America,708.0,0.3821709039548022,0.6030962734274649,-1.532,-0.04775,0.3635,0.787,2.405
47,Central Asia,336.0,1.192949404761905,1.9977020560872352,-6.055,0.01775,1.1745,2.233,7.837
48,Chad,708.0,0.4529632768361582,0.9607578669930131,-3.518,-0.1225,0.5025,0.99525,4.376
49,Channel Islands,708.0,0.5358742937853107,1.308289532884803,-5.824,-0.21675,0.5495000000000001,1.34875,4.795
50,Chile,708.0,0.18474576271186444,0.5463134339247824,-1.467,-0.16425,0.189,0.54825,1.791
51,China,708.0,0.5285042372881356,0.9317959108630574,-2.788,-0.08625000000000001,0.482,1.07525,4.368
52,"China, Hong Kong SAR",708.0,0.3588771186440678,1.1641417599298718,-4.911,-0.3435,0.321,1.0735,6.141
53,"China, Macao SAR",708.0,0.3588771186440678,1.1641417599298718,-4.911,-0.3435,0.321,1.0735,6.141
54,"China, Taiwan Province of",708.0,0.3038700564971752,0.9244376631183917,-3.351,-0.30625,0.3235,0.87975,3.715
55,"China, mainland",708.0,0.5293771186440679,0.9333167652587432,-2.795,-0.08875,0.4845,1.0779999999999998,4.375
56,Christmas Island,487.0,0.3959363449691992,0.5402956800360573,-0.983,0.0395,0.402,0.722,2.078
57,Cocos (Keeling) Islands,707.0,0.2606492220650636,0.5471849372324649,-1.207,-0.1105,0.243,0.653,1.862
58,Colombia,708.0,0.36210028248587567,0.5377964652354291,-1.176,-0.029500000000000002,0.32,0.7082499999999999,2.135
59,Comoros,690.0,0.4269753623188406,0.6077308726859415,-0.935,0.03225,0.3825,0.789,2.465
60,Congo,701.0,0.33628102710413693,0.55676771719537,-1.161,-0.076,0.275,0.708,2.03
61,Cook Islands,674.0,0.3290237388724036,0.5776475344247654,-1.425,-0.07075,0.261,0.65525,2.583
62,Costa Rica,608.0,0.3538305921052632,0.6315129391714787,-1.207,-0.0985,0.284,0.79425,2.59
63,Croatia,336.0,1.2631964285714288,1.5956718652652704,-3.952,0.31575,1.29,2.366,4.979
64,Cuba,708.0,0.4800480225988702,0.7001398530401177,-2.291,0.0535,0.4855,0.92425,2.908
65,Cyprus,708.0,0.35890536723163835,1.181377773469885,-3.854,-0.4115,0.4005,1.14775,3.613
66,Czechia,324.0,1.3419938271604939,1.826841236666872,-3.664,0.1735,1.4595,2.522,6.192
67,Czechoslovakia,384.0,0.13654166666666667,1.787120841368488,-6.052,-0.861,0.1635,1.22275,5.302
68,Côte d'Ivoire,708.0,0.5216850282485875,0.5778716310828249,-1.202,0.0835,0.519,0.9145000000000001,2.331
69,Democratic People's Republic of Korea,708.0,0.546427966101695,1.3595854843618742,-4.374,-0.32175,0.5125,1.398,5.607
70,Democratic Republic of the Congo,708.0,0.35450847457627116,0.5455989363647157,-1.085,-0.03925,0.28,0.69875,2.008
71,Denmark,708.0,0.6533997175141243,1.809627609398082,-6.072,-0.3935,0.663,1.749,6.574
72,Djibouti,675.0,0.5295066666666667,0.853520663676892,-2.706,-0.047,0.44,1.0554999999999999,4.169
73,Dominica,705.0,0.2579588652482269,0.5103353033889328,-1.292,-0.071,0.245,0.61,2.259
74,Dominican Republic,708.0,0.538590395480226,0.6593298161975855,-1.393,0.039,0.537,0.99125,2.842
75,Eastern Africa,708.0,0.44776977401129947,0.5443138673983042,-0.975,0.06975,0.413,0.81225,2.469
76,Eastern Asia,708.0,0.5648248587570621,0.9988503520844574,-3.33,-0.0975,0.5205,1.1784999999999999,4.756
77,Eastern Europe,708.0,0.7596186440677967,1.4688432906525137,-4.352,-0.128,0.5705,1.4500000000000002,7.176
78,Ecuador,708.0,0.4451892655367231,0.6136515865245976,-1.169,-0.00625,0.4315,0.86725,2.25
79,Egypt,708.0,0.2605169491525424,1.1398215925291866,-3.303,-0.45675,0.2235,1.0305,3.811
80,El Salvador,708.0,0.4475918079096045,0.5762318985396463,-1.233,0.09925,0.464,0.8362499999999999,2.496
81,Equatorial Guinea,686.0,0.39855976676384836,0.5628644792222764,-1.338,-0.0255,0.3055,0.79925,2.245
82,Eritrea,302.0,1.0195695364238408,0.9825584848810499,-3.061,0.347,1.0095,1.61075,4.209
83,Estonia,336.0,1.4622470238095238,2.2853554702418286,-5.546,0.10375000000000001,1.4005,2.8925,7.594
84,Eswatini,704.0,0.39750426136363637,0.8510419285413864,-2.857,-0.179,0.4,0.9582499999999999,2.796
85,Ethiopia,324.0,0.9908981481481481,0.4993435741791011,-0.263,0.6767500000000001,0.969,1.306,3.111
86,Ethiopia PDR,378.0,0.14904761904761904,0.5454616012783274,-1.651,-0.20575,0.159,0.49875,1.561
87,Europe,708.0,0.7342132768361581,1.324875001333596,-4.03,-0.075,0.624,1.4055,6.407
88,European Union,708.0,0.6220197740112994,1.265896515633493,-3.942,-0.17925,0.6165,1.417,5.157
89,Falkland Islands (Malvinas),254.0,0.023366141732283466,0.7567581496296586,-2.517,-0.5105,0.0405,0.50825,1.981
90,Faroe Islands,708.0,0.37310169491525425,1.0965684140413765,-3.492,-0.35524999999999995,0.3785,1.02725,3.423
91,Fiji,708.0,0.4263262711864407,0.6205668937626038,-1.373,-0.0025,0.439,0.82275,2.215
92,Finland,708.0,0.7234505649717514,2.4761772875469132,-8.75,-0.76525,0.6765000000000001,2.2372500000000004,9.73
93,France,708.0,0.6624618644067796,1.4823232109755289,-4.597,-0.28774999999999995,0.6455,1.63775,5.241
94,French Guiana,708.0,0.5317994350282486,0.6217150476321907,-0.648,0.05425,0.465,0.979,2.348
95,French Polynesia,708.0,0.3250875706214689,0.44376506739066307,-1.046,0.0185,0.342,0.62925,1.6
96,French Southern and Antarctic Territories,687.0,0.3292459970887919,0.7389183898909841,-2.53,-0.1435,0.335,0.7945,2.536
97,Gabon,702.0,0.3185868945868946,0.5644898372147462,-0.949,-0.09675,0.249,0.6697500000000001,2.361
98,Gambia,708.0,0.8248799435028248,0.8025952818293333,-1.902,0.26575000000000004,0.839,1.357,3.402
99,Georgia,336.0,0.9392499999999999,1.7375600846477781,-5.62,-0.1605,0.93,2.2175000000000002,5.378
100,Germany,708.0,0.7003728813559322,1.816972609788939,-6.675,-0.45325000000000004,0.6890000000000001,1.859,5.839
101,Ghana,708.0,0.5092655367231639,0.5659103543032521,-1.437,0.066,0.54,0.9225000000000001,2.131
102,Gibraltar,708.0,0.6375564971751412,1.1638333801845706,-2.492,-0.13825,0.627,1.44075,4.415
103,Greece,708.0,0.34214689265536724,1.242168153257153,-3.78,-0.4405,0.3395,1.2195,4.287
104,Greenland,708.0,0.3783629943502824,1.7666221245216238,-6.323,-0.514,0.3285,1.32625,6.845
105,Grenada,708.0,0.35312429378531074,0.5834681961109015,-1.198,-0.07625,0.3265,0.76925,2.342
106,Guadeloupe,708.0,0.2584152542372881,0.4812810902762568,-1.251,-0.0715,0.255,0.5782499999999999,2.213
107,Guatemala,708.0,0.46091242937853116,0.6269290530691719,-1.851,0.017249999999999998,0.4605,0.89025,2.81
108,Guinea,708.0,0.5912528248587571,0.6569827712594557,-1.113,0.11125,0.5834999999999999,1.048,2.408
109,Guinea-Bissau,708.0,0.805045197740113,0.7858117637714348,-1.63,0.255,0.7495,1.374,3.299
110,Guyana,707.0,0.49856152758132954,0.6764150544475009,-2.275,0.0165,0.45,0.9635,2.695
111,Haiti,708.0,0.5715593220338983,0.6432049179616579,-1.607,0.09325,0.59,1.016,2.186
112,Holy See,708.0,0.5075762711864408,1.309927172728312,-3.582,-0.30225,0.5045,1.3832499999999999,4.923
113,Honduras,708.0,0.46634180790960456,0.6143049743662323,-1.391,0.044,0.4745,0.873,2.81
114,Hungary,708.0,0.6143855932203389,1.8725175505163056,-5.489,-0.56875,0.6234999999999999,1.8955,6.474
115,Iceland,708.0,0.2711977401129944,1.3186766470433164,-4.296,-0.5095000000000001,0.2835,1.0665,4.299
116,India,708.0,0.21589971751412435,0.6153716898443347,-1.735,-0.2,0.2075,0.60025,2.533
117,Indonesia,708.0,0.29569632768361587,0.4004972328702249,-0.599,-0.011,0.2445,0.5455000000000001,1.634
118,Iran (Islamic Republic of),708.0,0.6136977401129944,1.2928081467358006,-5.988,-0.09625,0.6335,1.4455,4.648
119,Iraq,708.0,0.5043799435028248,1.4121093257755535,-5.123,-0.3755,0.5485,1.442,5.742
120,Ireland,708.0,0.39028813559322034,1.1410725303005151,-4.423,-0.35924999999999996,0.4225,1.1752500000000001,3.445
121,Isle of Man,708.0,0.3922810734463277,1.2074873973685762,-4.751,-0.39125,0.4305,1.198,3.878
122,Israel,708.0,0.2577005649717514,1.1799145945885314,-3.454,-0.494,0.2815,1.0139999999999998,3.546
123,Italy,708.0,0.5861850282485875,1.2769591480770113,-3.442,-0.25275000000000003,0.5595000000000001,1.4495,4.922
124,Jamaica,675.0,0.6029525925925926,0.6295911660155905,-1.177,0.1365,0.642,1.0819999999999999,2.179
125,Japan,708.0,0.3206059322033899,0.9274624435718836,-2.753,-0.288,0.327,0.984,2.929
126,Jordan,708.0,0.29324858757062156,1.3096571413127545,-3.372,-0.55025,0.337,1.1265,4.308
127,Kazakhstan,336.0,1.2388244047619048,2.2434800343655077,-7.368,0.04175,1.201,2.41725,8.719
128,Kenya,708.0,0.46414265536723154,0.6112067764753156,-1.279,0.024999999999999998,0.4505,0.86325,3.189
129,Kiribati,672.0,0.3568869047619048,0.5756869018389896,-0.865,-0.07775,0.2655,0.72975,2.197
130,Kuwait,708.0,0.720747175141243,1.4445831178449333,-5.11,-0.16375,0.675,1.76775,4.904
131,Kyrgyzstan,336.0,1.0239791666666667,1.5453909101700831,-4.825,-0.028,0.9604999999999999,1.9372500000000001,5.42
132,Land Locked Developing Countries,708.0,0.5589378531073446,0.7119483052462802,-2.254,0.08725,0.497,1.0415,3.303
133,Lao People's Democratic Republic,708.0,0.4311313559322035,0.8696389004829744,-2.633,-0.06225,0.3845,0.95,3.394
134,Latvia,336.0,1.409860119047619,2.2544863308957557,-5.67,0.031,1.465,2.84625,7.216
135,Least Developed Countries,708.0,0.47253248587570623,0.5513987950586348,-1.064,0.05175,0.4715,0.864,2.124
136,Lebanon,708.0,0.3887528248587571,1.2326682353423386,-3.676,-0.405,0.4275,1.2265000000000001,3.765
137,Lesotho,708.0,0.45260028248587575,0.868946040842153,-2.203,-0.13125,0.4975,0.98675,3.513
138,Liberia,700.0,0.5210871428571429,0.5835843290187215,-0.988,0.1,0.4855,0.939,2.307
139,Libya,708.0,0.4288333333333334,1.2323816997735817,-3.126,-0.3955,0.4165,1.2882500000000001,3.878
140,Liechtenstein,708.0,0.7368954802259887,1.7374137994208563,-4.882,-0.426,0.7335,1.91475,5.837
141,Lithuania,336.0,1.3664494047619047,2.266244933568527,-5.816,-0.03925,1.3635000000000002,2.7727500000000003,6.976
142,Low Income Food Deficit Countries,708.0,0.43703389830508477,0.5365752644391822,-1.061,0.034,0.434,0.8165,2.187
143,Luxembourg,240.0,1.4946916666666665,1.7108733085049088,-3.783,0.32775,1.5554999999999999,2.55075,5.97
144,Madagascar,704.0,0.3682130681818181,0.5650106987239334,-1.135,-0.01525,0.31,0.734,2.329
145,Malawi,702.0,0.44429629629629624,0.7353311969069504,-1.45,-0.084,0.3775,0.9117500000000001,3.186
146,Malaysia,708.0,0.4293008474576271,0.49040091689562243,-0.923,0.084,0.3795,0.744,2.156
147,Maldives,633.0,0.4264486571879937,0.4656915855140668,-0.964,0.082,0.439,0.722,1.691
148,Mali,708.0,0.5917824858757061,0.9163538260497515,-2.114,-0.02725,0.626,1.20025,3.9
149,Malta,708.0,0.5805084745762711,1.11639239079506,-2.772,-0.219,0.608,1.38125,3.579
150,Marshall Islands,348.0,0.10073275862068967,0.3363601582261725,-0.676,-0.12475,0.103,0.29725,1.089
151,Martinique,707.0,0.2648345120226308,0.5137160921006406,-1.286,-0.07050000000000001,0.248,0.622,2.221
152,Mauritania,708.0,0.7658262711864405,1.0485126595399297,-2.598,0.0905,0.7695000000000001,1.43575,3.755
153,Mauritius,708.0,0.35450141242937855,0.5549873388193376,-1.267,-0.021500000000000002,0.331,0.683,1.982
154,Mayotte,677.0,0.4481624815361891,0.5862554930629611,-1.288,0.113,0.435,0.798,2.396
155,Melanesia,708.0,0.3333135593220339,0.4698102695529466,-1.203,0.042499999999999996,0.29,0.5914999999999999,1.9
156,Mexico,708.0,0.3706271186440678,0.6821771967800441,-1.575,-0.083,0.3405,0.805,2.718
157,Micronesia,708.0,0.24100847457627117,0.36338685389786546,-0.613,-0.00125,0.191,0.465,1.427
158,Micronesia (Federated States of),348.0,0.22220689655172415,0.33312320462913864,-0.597,-0.007,0.20500000000000002,0.44,1.148
159,Middle Africa,708.0,0.39601553672316386,0.5571588119798119,-1.301,-0.013000000000000001,0.3505,0.763,2.413
160,Midway Island,191.0,0.01087434554973821,0.91823761110273,-2.308,-0.6214999999999999,-0.052,0.5854999999999999,2.731
161,Monaco,708.0,0.6396468926553672,1.3041156371588636,-4.077,-0.19725,0.571,1.5315,5.054
162,Mongolia,708.0,0.8591525423728815,1.8365256038317557,-7.309,-0.258,0.8345,2.044,7.655
163,Montenegro,168.0,1.493041666666667,1.5645661040882473,-4.757,0.5155000000000001,1.4875,2.49475,5.301
164,Montserrat,676.0,0.26229142011834317,0.50244221571608,-1.297,-0.0965,0.2815,0.582,2.315
165,Morocco,708.0,0.807774011299435,1.3284004333156132,-2.96,-0.14925,0.803,1.725,4.628
166,Mozambique,708.0,0.3296751412429379,0.6336335142536349,-1.803,-0.1055,0.3465,0.7695000000000001,2.331
167,Myanmar,708.0,0.3856638418079097,0.6256690020557608,-1.604,-0.0445,0.333,0.8005,2.707
168,Namibia,708.0,0.45858615819209037,0.9214440988802166,-1.99,-0.1975,0.38,1.02275,3.714
169,Nauru,228.0,-0.11503070175438597,0.4288216452775398,-1.277,-0.377,-0.087,0.1375,1.095
170,Nepal,708.0,0.2030536723163842,0.843992336217151,-2.264,-0.30174999999999996,0.1885,0.72125,4.122
171,Net Food Importing Developing Countries,708.0,0.48058333333333325,0.5301601984724228,-0.828,0.0885,0.451,0.89325,2.037
172,Netherlands,708.0,0.6729293785310734,1.7532219459072853,-7.121,-0.36575,0.6345000000000001,1.7842500000000001,6.179
173,Netherlands Antilles (former),708.0,0.3715536723163842,0.5520088259554794,-1.275,-0.021750000000000002,0.355,0.74675,2.533
174,New Caledonia,708.0,0.3185127118644068,0.6790766620878327,-1.292,-0.1455,0.2745,0.724,3.119
175,New Zealand,708.0,0.2690141242937853,0.8303934752296895,-2.297,-0.2915,0.285,0.8282499999999999,3.583
176,Nicaragua,708.0,0.4359830508474576,0.58656796217713,-1.95,0.050499999999999996,0.435,0.8445,2.506
177,Niger,708.0,0.5428008474576271,1.1287955735407134,-3.652,-0.074,0.637,1.253,4.391
178,Nigeria,708.0,0.5511059322033898,0.8250375200889808,-2.848,0.012750000000000001,0.565,1.1107500000000001,3.292
179,Niue,338.0,0.16065384615384615,0.6267384285836488,-1.225,-0.323,0.132,0.643,2.117
180,Non-Annex I countries,708.0,0.4684689265536723,0.5162212834243007,-0.848,0.07425,0.4005,0.8745,2.012
181,Norfolk Island,655.0,0.23234961832061068,0.6295568473643264,-1.36,-0.187,0.195,0.6465000000000001,2.278
182,North Macedonia,336.0,0.9639047619047622,1.5436247929307143,-5.493,0.18,1.0765,1.9057499999999998,5.599
183,Northern Africa,708.0,0.548572033898305,0.869891675226513,-2.245,-0.07675,0.4675,1.17725,3.443
184,Northern America,708.0,0.5248305084745761,1.131714545641324,-4.867,-0.1965,0.46399999999999997,1.1715,4.459
185,Northern Europe,708.0,0.6017358757062147,1.6988588938379245,-5.091,-0.36675,0.592,1.616,6.67
186,Norway,708.0,0.5989463276836158,1.8461983033609985,-5.823,-0.5435000000000001,0.588,1.69875,7.279
187,OECD,708.0,0.49681355932203386,0.7536212674119929,-2.679,-0.030000000000000002,0.4555,0.9755,2.72
188,Oceania,708.0,0.42603389830508476,0.7142316562719626,-1.343,-0.07125000000000001,0.40700000000000003,0.886,2.912
189,Oman,705.0,0.2678283687943262,0.8317598694599713,-4.13,-0.227,0.315,0.808,3.194
190,Pacific Islands Trust Territory,356.0,0.030488764044943818,0.2377066066799852,-0.771,-0.10675,0.051,0.181,0.764
191,Pakistan,708.0,0.19944067796610165,1.0203453366846067,-4.508,-0.4245,0.1765,0.787,4.297
192,Palau,281.0,0.5715800711743773,0.37487164683585167,-0.305,0.313,0.558,0.791,1.541
193,Palestine,708.0,0.2612005649717514,1.1833337652101905,-3.462,-0.504,0.2865,1.024,3.523
194,Panama,661.0,0.37847655068078667,0.5602722294029978,-0.838,-0.04,0.341,0.76,1.939
195,Papua New Guinea,708.0,0.3215014124293785,0.48418888706502416,-1.264,0.0225,0.271,0.58475,1.967
196,Paraguay,708.0,0.41702966101694916,1.2330863902399847,-5.037,-0.36524999999999996,0.361,1.15025,4.184
197,Peru,708.0,0.4793192090395481,0.5814412418838614,-1.093,0.06575,0.455,0.86875,2.269
198,Philippines,708.0,0.41618502824858755,0.4877281466816194,-1.153,0.09275,0.391,0.71975,1.855
199,Pitcairn Islands,566.0,-0.018991166077738514,0.6965962034911501,-2.579,-0.4785,-0.011,0.47375,2.093
200,Poland,708.0,0.6608686440677966,2.0548885861605966,-7.424,-0.52125,0.67,1.92575,7.233
201,Polynesia,708.0,0.3895437853107345,0.4571880594471693,-1.01,0.05275,0.374,0.71275,1.946
202,Portugal,708.0,0.6147175141242939,1.3249151831639083,-3.332,-0.24675,0.598,1.50325,4.721
203,Puerto Rico,708.0,0.31584322033898304,0.5074235745542152,-1.314,-0.03725,0.3055,0.67025,1.859
204,Qatar,708.0,0.613590395480226,1.1832568778836514,-3.595,-0.15425,0.656,1.4304999999999999,3.734
205,Republic of Korea,708.0,0.39484887005649727,1.2019996298184068,-4.087,-0.354,0.417,1.18525,4.906
206,Republic of Moldova,336.0,1.064511904761905,2.0386646653553155,-6.639,-0.13075,1.0274999999999999,2.36775,7.037
207,Romania,708.0,0.49537853107344626,1.8261189662394692,-6.913,-0.674,0.506,1.6557499999999998,6.631
208,Russian Federation,336.0,1.4116488095238093,1.6320510825334416,-3.448,0.39825,1.212,2.31475,7.389
209,Rwanda,446.0,0.2554304932735426,0.6371328638276277,-2.866,-0.1115,0.1765,0.62775,2.473
210,Réunion,693.0,0.4203160173160173,0.6122698432647149,-1.213,-0.013,0.427,0.849,2.411
211,"Saint Helena, Ascension and Tristan da Cunha",708.0,0.719473163841808,0.8214868626301901,-1.655,0.09275,0.715,1.3370000000000002,3.645
212,Saint Kitts and Nevis,676.0,0.26229142011834317,0.50244221571608,-1.297,-0.0965,0.2815,0.582,2.315
213,Saint Lucia,708.0,0.31145903954802256,0.5308875302250372,-1.136,-0.05725,0.293,0.71975,2.235
214,Saint Pierre and Miquelon,708.0,0.1588036723163842,1.4279890588046196,-5.498,-0.712,0.166,1.09275,4.704
215,Saint Vincent and the Grenadines,708.0,0.35333333333333333,0.5835427761674047,-1.198,-0.08025,0.3265,0.76925,2.342
216,Samoa,673.0,0.44959286775631496,0.6037883656914015,-1.092,-0.014,0.404,0.895,2.591
217,San Marino,708.0,0.5987189265536723,1.4569840043944764,-3.846,-0.378,0.5765,1.57525,5.534
218,Sao Tome and Principe,650.0,0.3951769230769231,0.5553179944566946,-0.972,-0.018,0.31,0.7935000000000001,2.201
219,Saudi Arabia,708.0,0.47288276836158183,1.1327036083255333,-3.216,-0.25725,0.44,1.21275,4.034
220,Senegal,708.0,0.7429985875706214,0.7980457362639988,-2.049,0.23025,0.7635000000000001,1.248,3.463
221,Serbia,168.0,1.5219404761904765,1.6162765841388969,-5.319,0.61375,1.5965,2.4335,5.999
222,Serbia and Montenegro,168.0,0.6582380952380952,1.759423715662226,-4.599,-0.27025,0.648,1.76275,4.763
223,Seychelles,708.0,0.40729943502824856,0.5199443998669514,-1.272,0.073,0.3915,0.73325,1.882
224,Sierra Leone,692.0,0.5511416184971099,0.6525259459678191,-1.151,0.06375,0.4835,0.9995,2.72
225,Singapore,337.0,0.15336498516320474,0.39148471244716065,-0.995,-0.103,0.152,0.391,1.693
226,Slovakia,324.0,1.2131975308641976,1.8321131849508274,-4.345,0.1575,1.3319999999999999,2.37475,6.581
227,Slovenia,336.0,1.4344077380952378,1.6630430704431256,-3.423,0.47175,1.4455,2.68775,5.527
228,Small Island Developing States,708.0,0.44065677966101696,0.46979580805855264,-0.623,0.071,0.4155,0.7725,1.739
229,Solomon Islands,645.0,0.42489457364341077,0.6267261663803326,-1.342,-0.009,0.304,0.732,2.512
230,Somalia,707.0,0.6151202263083451,0.7688107117193019,-1.535,0.05,0.524,1.133,3.828
231,South Africa,708.0,0.45403954802259894,0.7837557305116422,-2.244,-0.08225,0.4365,0.97825,3.188
232,South America,708.0,0.4544406779661017,0.5373074978574688,-1.026,0.063,0.4445,0.8302499999999999,2.126
233,South Georgia and the South Sandwich Islands,611.0,0.16095744680851062,1.1237513353763047,-3.22,-0.627,0.18,0.909,3.65
234,South Sudan,108.0,1.2206851851851852,0.72729856893617,-0.905,0.73025,1.2265000000000001,1.68425,3.048
235,South-Eastern Asia,708.0,0.3558149717514124,0.4733973645110676,-1.121,0.03875,0.321,0.65525,1.907
236,Southern Africa,708.0,0.4363983050847458,0.7816230436012587,-2.226,-0.058,0.347,0.974,2.912
237,Southern Asia,708.0,0.33916101694915257,0.7220415085648603,-3.534,-0.1,0.334,0.8037500000000001,3.098
238,Southern Europe,708.0,0.5723361581920904,1.080482494763937,-2.853,-0.10525,0.572,1.2847499999999998,3.957
239,Spain,708.0,0.6238276836158193,1.2021958663038792,-3.056,-0.1355,0.5934999999999999,1.4825,4.759
240,Sri Lanka,708.0,0.4929774011299434,0.5306591530238624,-0.988,0.10225,0.4945,0.8505,2.107
241,Sudan,108.0,1.2234629629629632,0.9128582146810998,-1.313,0.7112499999999999,1.271,1.86775,3.905
242,Sudan (former),600.0,0.3628816666666667,0.8129045294213904,-3.221,-0.1,0.3955,0.816,3.584
243,Suriname,708.0,0.5535790960451977,0.6812308589067021,-1.13,0.04675,0.473,1.05725,2.574
244,Svalbard and Jan Mayen Islands,708.0,0.8517598870056498,3.072675333425326,-8.963,-0.6847500000000001,0.6715,2.2425,11.759
245,Sweden,708.0,0.6795805084745762,2.1127945002527975,-7.028,-0.5575,0.696,1.89475,8.521
246,Switzerland,708.0,0.7187203389830509,1.687017257108217,-5.015,-0.439,0.7155,1.8835,6.171
247,Syrian Arab Republic,708.0,0.42880932203389827,1.3736052034563941,-4.083,-0.447,0.449,1.36325,4.47
248,Tajikistan,336.0,0.8495833333333332,1.4613652721706738,-5.384,-0.125,0.8445,1.66075,5.608
249,Thailand,708.0,0.40355790960451976,0.7296780350478337,-2.417,-0.029500000000000002,0.371,0.8152499999999999,2.781
250,Timor-Leste,561.0,0.40058288770053474,0.7848341162260727,-2.295,-0.105,0.398,0.9,3.005
251,Togo,708.0,0.5352485875706215,0.6216873947242006,-1.136,0.054,0.5345,1.01,2.224
252,Tokelau,471.0,0.24962208067940553,0.837067363935977,-2.299,-0.1995,0.143,0.5445,3.551
253,Tonga,708.0,0.4848559322033898,0.6800289860960436,-1.326,0.008,0.484,0.9584999999999999,2.496
254,Trinidad and Tobago,658.0,0.46385866261398173,0.6461301920252686,-1.755,0.01425,0.425,0.89025,2.397
255,Tunisia,708.0,0.7983700564971751,1.3060411006165051,-2.449,-0.21775,0.726,1.69575,4.881
256,Turkey,708.0,0.3960790960451978,1.5130891514238234,-4.384,-0.506,0.448,1.39675,4.792
257,Turkmenistan,336.0,1.1953511904761904,1.8000076886730683,-9.154,0.21925,1.2915,2.302,7.226
258,Turks and Caicos Islands,653.0,0.5916416539050535,0.7336618156444314,-1.427,0.073,0.587,1.101,3.112
259,Tuvalu,701.0,0.310151212553495,0.5261199102478843,-1.124,-0.07,0.25,0.674,1.673
260,USSR,372.0,0.19338978494623657,1.109581240648415,-4.474,-0.36824999999999997,0.208,0.8262499999999999,3.575
261,Uganda,708.0,0.4736200564971752,0.6446936915024686,-1.265,0.04575,0.4065,0.876,3.066
262,Ukraine,336.0,1.183386904761905,2.081269791588837,-7.389,-0.0035,1.2040000000000002,2.325,7.307
263,United Arab Emirates,708.0,0.3324887005649717,1.0608565905301686,-3.449,-0.30625,0.3675,0.9622499999999999,3.417
264,United Kingdom,708.0,0.41565536723163843,1.2002577245104342,-4.438,-0.289,0.40449999999999997,1.1795,3.769
265,United Republic of Tanzania,708.0,0.4177768361581921,0.606853844046576,-1.169,-0.0145,0.35,0.816,2.269
266,United States Virgin Islands,708.0,0.2565268361581921,0.4933788341229849,-1.118,-0.08225,0.2505,0.60675,1.97
267,United States of America,708.0,0.4493983050847457,0.975132283252655,-3.498,-0.16625,0.373,1.068,3.788
268,Uruguay,708.0,0.342457627118644,1.1698438342380093,-2.982,-0.397,0.2835,1.131,4.783
269,Uzbekistan,336.0,1.0956726190476191,2.023470920751925,-9.334,0.05175,1.127,2.2982500000000003,7.49
270,Vanuatu,700.0,0.4064514285714286,0.6086290010101651,-1.232,-0.0305,0.367,0.78725,2.619
271,Venezuela (Bolivarian Republic of),708.0,0.42539406779661015,0.5620603100710112,-1.062,0.01675,0.395,0.8292499999999999,2.402
272,Viet Nam,708.0,0.37092514124293785,0.8037456347051708,-2.394,-0.102,0.319,0.888,3.32
273,Wake Island,496.0,0.3101290322580645,0.6508618617763843,-1.886,-0.117,0.324,0.7284999999999999,3.53
274,Wallis and Futuna Islands,708.0,0.4026271186440678,0.5745696865437118,-1.02,-0.03125,0.356,0.8015000000000001,2.149
275,Western Africa,708.0,0.597045197740113,0.7319931331883498,-1.631,0.07,0.6485000000000001,1.1182500000000002,3.218
276,Western Asia,708.0,0.44847033898305094,1.0519590052684433,-3.157,-0.2535,0.415,1.16075,4.091
277,Western Europe,708.0,0.6842302259887006,1.5759349284886417,-5.471,-0.3985,0.6395,1.733,5.039
278,Western Sahara,708.0,0.7363319209039549,1.1915742591172949,-3.125,-0.03775,0.824,1.54875,4.516
279,World,708.0,0.5253135593220337,0.5833134762577654,-1.306,0.08975,0.462,0.9642499999999999,2.624
280,Yemen,396.0,0.1530530303030303,0.5718236469897138,-1.38,-0.22,0.127,0.497,2.461
281,Yugoslav SFR,372.0,0.019088709677419363,1.5063528025314281,-4.805,-0.85825,0.0335,0.8425,4.718
282,Zambia,707.0,0.45129278642149934,0.7820683537296453,-1.655,-0.1125,0.379,0.9295,3.581
283,Zimbabwe,708.0,0.28667937853107345,0.8506259000341739,-2.283,-0.3095,0.259,0.8585,2.95
